Country,League,Season,Date,Time,Home,Away,HG,AG,Res,PH,PD,PA,MaxH,MaxD,MaxA,AvgH,AvgD,AvgA,VH,VA
Brazil,Serie A,2015,2015-05-09,22:30,Chapecoense-SC,Coritiba,2,1,H,2.21,3.24,3.77,2.32,3.3,3.8,2.12,3.15,3.5,17900000.0,22100000.0
Brazil,Serie A,2015,2015-05-09,22:30,Palmeiras,Atletico-MG,2,2,D,1.72,3.72,5.76,1.72,4.1,6.5,1.65,3.52,5.35,73100000.0,60300000.0
Brazil,Serie A,2015,2015-05-10,01:00,Fluminense,Joinville,1,0,H,1.62,3.89,6.69,1.67,4.01,6.73,1.57,3.72,5.96,45050000.0,28550000.0
Brazil,Serie A,2015,2015-05-10,15:00,Gremio,Ponte Preta,3,3,D,1.64,3.71,6.64,1.65,4.1,7.1,1.57,3.63,6.16,46100000.0,9550000.0
Brazil,Serie A,2015,2015-05-10,20:00,Atletico-PR,Internacional,3,0,H,2.19,3.31,3.74,2.31,3.36,3.74,2.16,3.18,3.37,38400000.0,60650000.0
Brazil,Serie A,2015,2015-05-10,20:00,Cruzeiro,Corinthians,0,1,A,2.84,3.24,2.74,2.95,3.3,2.83,2.76,3.09,2.57,85450000.0,73700000.0
Brazil,Serie A,2015,2015-05-10,20:00,Sao Paulo,Flamengo RJ,2,1,H,2.23,3.38,3.6,2.25,3.5,3.66,2.12,3.23,3.39,86850000.0,57100000.0
Brazil,Serie A,2015,2015-05-10,20:00,Sport Recife,Figueirense,4,1,H,1.71,3.66,5.91,1.85,3.78,5.91,1.71,3.46,4.97,27800000.0,26580000.0
Brazil,Serie A,2015,2015-05-10,22:30,Avai,Santos,1,1,D,3.82,3.47,2.11,3.92,3.49,2.22,3.43,3.27,2.09,13650000.0,44300000.0
Brazil,Serie A,2015,2015-05-10,22:30,Vasco,Goias,0,0,D,1.66,3.72,6.46,1.75,3.85,6.46,1.65,3.53,5.44,21900000.0,15500000.0
Brazil,Serie A,2015,2015-05-16,22:30,Coritiba,Gremio,2,0,H,2.6,3.18,3.06,2.79,3.25,3.11,2.54,3.02,2.87,22100000.0,46100000.0
Brazil,Serie A,2015,2015-05-16,22:30,Goias,Atletico-PR,2,0,H,2.3,3.21,3.6,2.31,3.3,3.64,2.23,3.1,3.3,15500000.0,38400000.0
Brazil,Serie A,2015,2015-05-17,01:00,Corinthians,Chapecoense-SC,1,0,H,1.71,3.68,5.95,1.72,4.1,7.3,1.6,3.59,5.93,73700000.0,17900000.0
Brazil,Serie A,2015,2015-05-17,15:00,Figueirense,Vasco,0,0,D,2.58,3.18,3.08,2.7,3.25,3.08,2.5,3.08,2.87,26580000.0,21900000.0
Brazil,Serie A,2015,2015-05-17,20:00,Atletico-MG,Fluminense,4,1,H,2.04,3.43,4.1,2.2,3.65,4.25,1.99,3.3,3.72,60300000.0,45050000.0
Brazil,Serie A,2015,2015-05-17,20:00,Flamengo RJ,Sport Recife,2,2,D,1.68,3.89,5.7,1.68,4.0,6.5,1.62,3.66,5.47,57100000.0,27800000.0
Brazil,Serie A,2015,2015-05-17,20:00,Santos,Cruzeiro,1,0,H,1.88,3.57,4.7,1.91,3.6,4.73,1.82,3.4,4.3,44300000.0,85450000.0
Brazil,Serie A,2015,2015-05-17,22:30,Internacional,Avai,1,0,H,1.76,3.9,5.01,1.8,4.0,6.78,1.65,3.68,5.26,60650000.0,13650000.0
Brazil,Serie A,2015,2015-05-17,22:30,Joinville,Palmeiras,0,0,D,3.3,3.21,2.43,3.33,3.5,2.5,3.09,3.11,2.33,28550000.0,73100000.0
Brazil,Serie A,2015,2015-05-17,22:30,Ponte Preta,Sao Paulo,1,0,H,3.11,3.25,2.53,3.4,3.34,2.53,2.99,3.14,2.37,9550000.0,86850000.0
Brazil,Serie A,2015,2015-05-23,22:30,Sao Paulo,Joinville,3,0,H,1.48,4.21,8.78,1.48,4.4,9.4,1.43,4.0,8.07,86850000.0,28550000.0
Brazil,Serie A,2015,2015-05-23,22:30,Vasco,Internacional,1,1,D,1.89,3.46,4.81,1.9,3.7,5.4,1.8,3.37,4.56,21900000.0,60650000.0
Brazil,Serie A,2015,2015-05-24,01:00,Gremio,Figueirense,1,0,H,1.53,4.1,7.9,1.56,4.11,8.22,1.5,3.79,7.08,46100000.0,26580000.0
Brazil,Serie A,2015,2015-05-24,15:00,Palmeiras,Goias,0,1,A,1.63,3.91,6.64,1.63,4.1,7.5,1.53,3.76,6.54,73100000.0,15500000.0
Brazil,Serie A,2015,2015-05-24,20:00,Atletico-PR,Atletico-MG,1,0,H,3.68,3.35,2.2,3.72,3.5,2.3,3.34,3.25,2.14,38400000.0,60300000.0
Brazil,Serie A,2015,2015-05-24,20:00,Avai,Flamengo RJ,2,1,H,2.96,3.16,2.73,2.96,3.2,2.9,2.64,3.06,2.71,13650000.0,57100000.0
Brazil,Serie A,2015,2015-05-24,20:00,Chapecoense-SC,Santos,1,0,H,2.81,3.17,2.83,2.81,3.4,2.86,2.63,3.1,2.69,17900000.0,44300000.0
Brazil,Serie A,2015,2015-05-24,20:00,Fluminense,Corinthians,0,0,D,2.77,3.17,2.87,2.82,3.25,3.0,2.6,3.05,2.76,45050000.0,73700000.0
Brazil,Serie A,2015,2015-05-24,22:30,Cruzeiro,Ponte Preta,1,1,D,2.39,3.34,3.25,2.39,3.6,3.8,2.22,3.21,3.21,85450000.0,9550000.0
Brazil,Serie A,2015,2015-05-24,22:30,Sport Recife,Coritiba,1,0,H,1.82,3.57,5.1,2.0,3.68,5.1,1.82,3.38,4.41,27800000.0,22100000.0
Brazil,Serie A,2015,2015-05-30,22:30,Coritiba,Avai,1,2,A,1.69,3.74,5.95,1.75,3.8,5.95,1.69,3.52,5.13,22100000.0,13650000.0
Brazil,Serie A,2015,2015-05-30,22:30,Ponte Preta,Chapecoense-SC,3,1,H,1.9,3.58,4.53,1.92,3.7,5.0,1.82,3.4,4.35,9550000.0,17900000.0
Brazil,Serie A,2015,2015-05-31,01:00,Joinville,Atletico-PR,1,2,A,2.41,3.26,3.3,2.47,3.35,3.3,2.33,3.08,3.11,28550000.0,38400000.0
Brazil,Serie A,2015,2015-05-31,15:00,Santos,Sport Recife,2,2,D,1.53,4.32,7.2,1.57,4.33,7.5,1.52,3.91,6.33,44300000.0,27800000.0
Brazil,Serie A,2015,2015-05-31,20:00,Atletico-MG,Vasco,3,0,H,1.42,4.79,8.92,1.5,4.79,9.2,1.41,4.24,7.79,60300000.0,21900000.0
Brazil,Serie A,2015,2015-05-31,20:00,Corinthians,Palmeiras,0,2,A,2.11,3.26,4.1,2.2,3.4,4.2,2.05,3.17,3.71,73700000.0,73100000.0
Brazil,Serie A,2015,2015-05-31,20:00,Goias,Gremio,1,1,D,2.92,3.1,2.77,2.92,3.2,2.87,2.72,2.97,2.69,15500000.0,46100000.0
Brazil,Serie A,2015,2015-05-31,20:00,Internacional,Sao Paulo,0,0,D,2.48,3.34,3.09,2.6,3.35,3.2,2.35,3.17,3.03,60650000.0,86850000.0
Brazil,Serie A,2015,2015-05-31,22:30,Figueirense,Cruzeiro,2,1,H,3.02,3.22,2.61,3.1,3.25,2.62,2.91,3.08,2.47,26580000.0,85450000.0
Brazil,Serie A,2015,2015-05-31,22:30,Flamengo RJ,Fluminense,2,3,A,2.4,3.33,3.25,2.5,3.37,3.26,2.35,3.15,3.03,57100000.0,45050000.0
Brazil,Serie A,2015,2015-06-03,23:30,Atletico-PR,Figueirense,1,0,H,1.65,3.66,6.83,1.75,3.95,7.3,1.64,3.48,5.73,38400000.0,26580000.0
Brazil,Serie A,2015,2015-06-03,23:30,Chapecoense-SC,Joinville,2,0,H,1.65,3.73,6.65,1.7,3.78,6.65,1.65,3.52,5.46,17900000.0,28550000.0
Brazil,Serie A,2015,2015-06-03,23:30,Vasco,Ponte Preta,0,3,A,2.44,3.28,3.25,2.65,3.4,3.3,2.41,3.11,2.98,21900000.0,9550000.0
Brazil,Serie A,2015,2015-06-04,01:00,Sao Paulo,Santos,3,2,H,1.9,3.64,4.45,1.95,3.8,4.85,1.86,3.38,4.16,86850000.0,44300000.0
Brazil,Serie A,2015,2015-06-04,02:00,Avai,Atletico-MG,1,4,A,3.95,3.61,2.03,4.55,3.65,2.06,3.73,3.35,1.97,13650000.0,60300000.0
Brazil,Serie A,2015,2015-06-04,02:00,Cruzeiro,Flamengo RJ,1,0,H,1.93,3.55,4.49,1.94,3.85,4.85,1.83,3.41,4.26,85450000.0,57100000.0
Brazil,Serie A,2015,2015-06-04,02:00,Gremio,Corinthians,3,1,H,2.19,3.15,4.01,2.25,3.4,4.01,2.11,3.06,3.66,46100000.0,73700000.0
Brazil,Serie A,2015,2015-06-04,20:00,Fluminense,Coritiba,2,0,H,1.83,3.52,5.15,1.85,3.9,5.6,1.74,3.43,4.85,45050000.0,22100000.0
Brazil,Serie A,2015,2015-06-05,01:00,Palmeiras,Internacional,1,1,D,1.88,3.61,4.68,1.95,3.85,4.7,1.87,3.38,4.1,73100000.0,60650000.0
Brazil,Serie A,2015,2015-06-05,01:00,Sport Recife,Goias,1,0,H,1.76,3.53,5.71,1.92,3.6,5.71,1.75,3.38,4.81,27800000.0,15500000.0
Brazil,Serie A,2015,2015-06-06,22:30,Atletico-MG,Cruzeiro,1,3,A,1.69,3.97,5.46,1.69,4.0,6.2,1.63,3.7,5.22,60300000.0,85450000.0
Brazil,Serie A,2015,2015-06-06,22:30,Flamengo RJ,Chapecoense-SC,1,0,H,1.82,3.56,5.14,1.83,3.7,5.3,1.74,3.43,4.79,57100000.0,17900000.0
Brazil,Serie A,2015,2015-06-06,22:30,Santos,Ponte Preta,2,2,D,1.98,3.47,4.27,1.99,3.6,4.4,1.92,3.31,4.02,44300000.0,9550000.0
Brazil,Serie A,2015,2015-06-07,02:00,Atletico-PR,Vasco,2,0,H,1.67,3.85,5.99,1.73,3.95,6.6,1.64,3.57,5.51,38400000.0,21900000.0
Brazil,Serie A,2015,2015-06-07,02:00,Joinville,Corinthians,0,1,A,4.41,3.21,2.05,4.41,3.3,2.18,3.84,3.09,2.04,28550000.0,73700000.0
Brazil,Serie A,2015,2015-06-07,02:00,Sao Paulo,Gremio,2,0,H,1.81,3.45,5.44,1.83,3.68,5.44,1.77,3.37,4.76,86850000.0,46100000.0
Brazil,Serie A,2015,2015-06-07,15:00,Internacional,Coritiba,2,0,H,1.67,3.85,6.05,1.67,3.85,6.5,1.6,3.63,5.74,60650000.0,22100000.0
Brazil,Serie A,2015,2015-06-07,23:30,Figueirense,Palmeiras,2,1,H,3.42,3.32,2.32,3.5,3.32,2.35,3.22,3.11,2.26,26580000.0,73100000.0
Brazil,Serie A,2015,2015-06-07,23:30,Fluminense,Sport Recife,0,0,D,1.7,3.79,5.73,1.75,3.79,6.2,1.68,3.53,5.11,45050000.0,27800000.0
Brazil,Serie A,2015,2015-06-07,23:30,Goias,Avai,0,1,A,1.82,3.53,5.23,1.84,3.53,5.6,1.78,3.32,4.74,15500000.0,13650000.0
Brazil,Serie A,2015,2015-06-10,23:30,Atletico-MG,Santos,2,2,D,1.53,4.58,6.61,1.56,4.65,7.5,1.5,4.23,6.04,60300000.0,44300000.0
Brazil,Serie A,2015,2015-06-13,20:30,Chapecoense-SC,Sao Paulo,0,1,A,2.7,3.12,2.99,2.85,3.2,2.99,2.62,3.01,2.76,17900000.0,86850000.0
Brazil,Serie A,2015,2015-06-13,20:30,Corinthians,Internacional,2,1,H,1.71,3.66,5.92,1.88,3.66,5.92,1.75,3.37,4.94,73700000.0,60650000.0
Brazil,Serie A,2015,2015-06-13,20:30,Coritiba,Flamengo RJ,0,1,A,2.76,3.2,2.85,2.83,3.2,3.0,2.6,3.04,2.75,22100000.0,57100000.0
Brazil,Serie A,2015,2015-06-14,01:00,Sport Recife,Joinville,2,1,H,1.62,3.94,6.49,1.7,3.94,6.95,1.58,3.66,5.92,27800000.0,28550000.0
Brazil,Serie A,2015,2015-06-14,01:00,Vasco,Cruzeiro,1,3,A,3.22,3.22,2.48,3.3,3.4,2.7,2.92,3.07,2.46,21900000.0,85450000.0
Brazil,Serie A,2015,2015-06-14,15:00,Ponte Preta,Goias,0,0,D,1.6,3.91,7.0,1.65,4.25,7.0,1.58,3.7,5.84,9550000.0,15500000.0
Brazil,Serie A,2015,2015-06-14,20:00,Avai,Figueirense,1,1,D,2.13,3.33,3.91,2.2,3.33,4.0,2.06,3.17,3.65,13650000.0,26580000.0
Brazil,Serie A,2015,2015-06-14,20:00,Gremio,Atletico-PR,2,1,H,1.69,3.72,6.09,1.8,3.72,6.09,1.68,3.49,5.22,46100000.0,38400000.0
Brazil,Serie A,2015,2015-06-14,20:00,Palmeiras,Fluminense,2,1,H,1.85,3.54,4.99,1.99,3.6,5.11,1.78,3.37,4.63,73100000.0,45050000.0
Brazil,Serie A,2015,2015-06-19,01:00,Figueirense,Internacional,0,0,D,2.88,3.21,2.73,3.0,3.25,2.74,2.82,3.04,2.56,26580000.0,60650000.0
Brazil,Serie A,2015,2015-06-20,20:30,Flamengo RJ,Atletico-MG,0,2,A,2.56,3.44,2.91,2.7,3.44,2.93,2.52,3.22,2.71,57100000.0,60300000.0
Brazil,Serie A,2015,2015-06-20,20:30,Santos,Corinthians,1,0,H,2.28,3.3,3.53,2.45,3.35,3.53,2.28,3.13,3.19,44300000.0,73700000.0
Brazil,Serie A,2015,2015-06-20,20:30,Sport Recife,Vasco,2,1,H,1.79,3.74,5.0,1.81,3.86,6.1,1.71,3.49,4.96,27800000.0,21900000.0
Brazil,Serie A,2015,2015-06-21,01:00,Gremio,Palmeiras,1,0,H,2.02,3.45,4.15,2.1,3.45,4.18,2.02,3.22,3.75,46100000.0,73100000.0
Brazil,Serie A,2015,2015-06-21,15:00,Cruzeiro,Chapecoense-SC,0,1,A,1.62,3.92,6.53,1.64,4.1,6.58,1.57,3.68,6.14,85450000.0,17900000.0
Brazil,Serie A,2015,2015-06-21,20:00,Atletico-PR,Coritiba,2,2,D,1.96,3.4,4.52,1.99,3.55,5.1,1.9,3.24,4.19,38400000.0,22100000.0
Brazil,Serie A,2015,2015-06-21,20:00,Joinville,Goias,2,1,H,2.39,3.12,3.49,2.42,3.25,3.6,2.26,3.01,3.3,28550000.0,15500000.0
Brazil,Serie A,2015,2015-06-21,20:00,Sao Paulo,Avai,1,1,D,1.53,4.53,6.69,1.53,4.55,8.0,1.47,4.1,6.64,86850000.0,13650000.0
Brazil,Serie A,2015,2015-06-24,23:30,Fluminense,Ponte Preta,2,0,H,2.03,3.42,4.16,2.3,3.5,4.27,2.05,3.22,3.67,45050000.0,9550000.0
Brazil,Serie A,2015,2015-06-27,20:00,Avai,Gremio,1,2,A,3.5,3.22,2.34,3.5,3.25,2.55,3.15,3.06,2.32,13650000.0,46100000.0
Brazil,Serie A,2015,2015-06-27,20:00,Chapecoense-SC,Sport Recife,1,1,D,2.04,3.39,4.19,2.06,3.4,4.5,1.94,3.23,3.98,17900000.0,27800000.0
Brazil,Serie A,2015,2015-06-28,01:00,Corinthians,Figueirense,2,1,H,1.53,4.14,7.8,1.55,4.25,8.8,1.49,3.79,7.25,73700000.0,26580000.0
Brazil,Serie A,2015,2015-06-28,15:00,Atletico-MG,Joinville,1,0,H,1.23,6.52,16.59,1.25,6.9,16.85,1.22,5.81,12.55,60300000.0,28550000.0
Brazil,Serie A,2015,2015-06-28,20:00,Coritiba,Cruzeiro,1,0,H,2.78,3.27,2.78,2.95,3.3,2.78,2.74,3.11,2.57,22100000.0,85450000.0
Brazil,Serie A,2015,2015-06-28,20:00,Goias,Fluminense,1,2,A,2.41,3.2,3.36,2.53,3.34,3.4,2.3,3.06,3.19,15500000.0,45050000.0
Brazil,Serie A,2015,2015-06-28,20:00,Palmeiras,Sao Paulo,4,0,H,2.17,3.38,3.74,2.36,3.4,3.74,2.16,3.18,3.41,73100000.0,86850000.0
Brazil,Serie A,2015,2015-06-28,20:00,Ponte Preta,Atletico-PR,2,1,H,1.92,3.58,4.45,1.92,3.65,4.9,1.84,3.43,4.23,9550000.0,38400000.0
Brazil,Serie A,2015,2015-06-28,22:30,Internacional,Santos,1,0,H,2.14,3.41,3.77,2.15,3.41,4.45,2.04,3.25,3.65,60650000.0,44300000.0
Brazil,Serie A,2015,2015-06-28,22:30,Vasco,Flamengo RJ,1,0,H,3.95,3.28,2.14,4.2,3.4,2.23,3.66,3.21,2.05,21900000.0,57100000.0
Brazil,Serie A,2015,2015-07-01,23:30,Sport Recife,Internacional,3,0,H,2.03,3.41,4.18,2.05,3.75,4.7,1.96,3.29,3.87,27800000.0,60650000.0
Brazil,Serie A,2015,2015-07-01,23:30,Vasco,Avai,1,0,H,1.85,3.59,4.82,2.07,3.7,4.82,1.88,3.38,4.09,21900000.0,13650000.0
Brazil,Serie A,2015,2015-07-02,01:00,Atletico-MG,Coritiba,2,0,H,1.36,5.15,10.15,1.36,5.5,11.0,1.33,4.82,8.74,60300000.0,22100000.0
Brazil,Serie A,2015,2015-07-02,01:00,Palmeiras,Chapecoense-SC,2,0,H,1.58,3.98,7.0,1.67,4.06,7.0,1.55,3.77,6.16,73100000.0,17900000.0
Brazil,Serie A,2015,2015-07-02,02:00,Atletico-PR,Sao Paulo,2,1,H,2.27,3.37,3.46,2.5,3.4,3.46,2.29,3.14,3.15,38400000.0,86850000.0
Brazil,Serie A,2015,2015-07-02,02:00,Gremio,Cruzeiro,1,0,H,2.02,3.41,4.22,2.02,3.44,5.3,1.89,3.3,4.14,46100000.0,85450000.0
Brazil,Serie A,2015,2015-07-02,02:00,Joinville,Flamengo RJ,0,1,A,3.48,3.15,2.38,3.56,3.35,2.55,3.15,3.05,2.34,28550000.0,57100000.0
Brazil,Serie A,2015,2015-07-02,23:30,Corinthians,Ponte Preta,2,0,H,1.79,3.58,5.3,1.82,3.58,6.0,1.76,3.37,4.82,73700000.0,9550000.0
Brazil,Serie A,2015,2015-07-02,23:30,Figueirense,Goias,3,1,H,2.21,3.15,3.91,2.24,3.4,4.0,2.14,3.05,3.6,26580000.0,15500000.0
Brazil,Serie A,2015,2015-07-03,01:00,Fluminense,Santos,2,1,H,2.22,3.45,3.52,2.3,3.45,3.9,2.17,3.26,3.31,45050000.0,44300000.0
Brazil,Serie A,2015,2015-07-04,19:00,Coritiba,Joinville,0,0,D,1.68,3.59,6.48,1.7,3.7,6.9,1.64,3.49,5.67,22100000.0,28550000.0
Brazil,Serie A,2015,2015-07-05,01:00,Chapecoense-SC,Vasco,1,0,H,1.79,3.47,5.65,1.95,3.5,5.68,1.8,3.28,4.72,17900000.0,21900000.0
Brazil,Serie A,2015,2015-07-05,01:00,Cruzeiro,Atletico-PR,2,0,H,1.74,3.67,5.42,1.76,3.67,5.69,1.68,3.52,5.15,85450000.0,38400000.0
Brazil,Serie A,2015,2015-07-05,15:00,Avai,Sport Recife,2,2,D,2.32,3.34,3.39,2.5,3.35,3.39,2.29,3.17,3.09,13650000.0,27800000.0
Brazil,Serie A,2015,2015-07-05,20:00,Goias,Corinthians,0,0,D,3.11,3.08,2.64,3.25,3.2,2.64,3.02,2.92,2.5,15500000.0,73700000.0
Brazil,Serie A,2015,2015-07-05,20:00,Santos,Gremio,1,3,A,2.2,3.44,3.58,2.25,3.44,3.85,2.15,3.21,3.36,44300000.0,46100000.0
Brazil,Serie A,2015,2015-07-05,20:00,Sao Paulo,Fluminense,0,0,D,1.71,3.81,5.63,1.75,3.81,5.63,1.7,3.56,4.88,86850000.0,45050000.0
Brazil,Serie A,2015,2015-07-05,22:30,Flamengo RJ,Figueirense,1,2,A,1.59,4.01,6.75,1.61,4.03,7.7,1.55,3.69,6.42,57100000.0,26580000.0
Brazil,Serie A,2015,2015-07-05,22:30,Internacional,Atletico-MG,1,3,A,2.42,3.53,3.04,2.6,3.53,3.13,2.41,3.29,2.83,60650000.0,60300000.0
Brazil,Serie A,2015,2015-07-05,22:30,Ponte Preta,Palmeiras,0,2,A,4.06,3.54,2.02,4.33,3.64,2.15,3.88,3.33,1.94,9550000.0,73100000.0
Brazil,Serie A,2015,2015-07-08,23:30,Chapecoense-SC,Gremio,1,0,H,2.83,3.06,2.86,3.02,3.1,2.86,2.73,2.93,2.74,17900000.0,46100000.0
Brazil,Serie A,2015,2015-07-08,23:30,Coritiba,Ponte Preta,0,0,D,2.27,3.28,3.56,2.44,3.3,3.75,2.18,3.14,3.37,22100000.0,9550000.0
Brazil,Serie A,2015,2015-07-08,23:30,Goias,Santos,4,1,H,2.56,3.26,3.06,2.71,3.26,3.26,2.48,3.02,2.93,15500000.0,44300000.0
Brazil,Serie A,2015,2015-07-09,01:00,Figueirense,Joinville,0,2,A,1.79,3.46,5.66,1.8,3.76,5.66,1.75,3.34,4.86,26580000.0,28550000.0
Brazil,Serie A,2015,2015-07-09,01:00,Palmeiras,Avai,3,0,H,1.38,4.93,9.63,1.42,4.96,11.0,1.37,4.4,8.54,73100000.0,13650000.0
Brazil,Serie A,2015,2015-07-09,02:00,Atletico-MG,Sport Recife,2,1,H,1.39,5.01,9.41,1.45,5.01,9.41,1.39,4.43,7.72,60300000.0,27800000.0
Brazil,Serie A,2015,2015-07-09,02:00,Internacional,Flamengo RJ,1,2,A,2.02,3.48,4.14,2.02,3.48,4.5,1.96,3.29,3.88,60650000.0,57100000.0
Brazil,Serie A,2015,2015-07-09,02:00,Vasco,Sao Paulo,0,4,A,4.02,3.34,2.1,4.33,3.45,2.1,3.92,3.2,1.98,21900000.0,86850000.0
Brazil,Serie A,2015,2015-07-09,23:30,Corinthians,Atletico-PR,2,0,H,1.57,3.9,7.51,1.6,4.2,8.0,1.54,3.71,6.62,73700000.0,38400000.0
Brazil,Serie A,2015,2015-07-10,01:00,Fluminense,Cruzeiro,1,0,H,2.79,3.24,2.79,2.79,3.24,3.0,2.59,3.12,2.73,45050000.0,85450000.0
Brazil,Serie A,2015,2015-07-11,22:30,Gremio,Vasco,2,0,H,1.41,4.46,10.6,1.44,4.75,12.0,1.39,4.17,8.81,46100000.0,21900000.0
Brazil,Serie A,2015,2015-07-11,22:30,Santos,Figueirense,3,0,H,1.55,4.13,7.19,1.6,4.33,7.19,1.54,3.83,6.22,44300000.0,26580000.0
Brazil,Serie A,2015,2015-07-12,01:00,Ponte Preta,Atletico-MG,0,2,A,2.87,3.39,2.62,3.1,3.55,2.63,2.81,3.25,2.44,9550000.0,60300000.0
Brazil,Serie A,2015,2015-07-12,15:00,Sao Paulo,Coritiba,3,1,H,1.57,3.9,7.53,1.57,4.1,7.6,1.51,3.82,6.69,86850000.0,22100000.0
Brazil,Serie A,2015,2015-07-12,20:00,Atletico-PR,Fluminense,1,2,A,1.96,3.53,4.31,2.05,3.53,4.31,1.97,3.28,3.82,38400000.0,45050000.0
Brazil,Serie A,2015,2015-07-12,20:00,Cruzeiro,Goias,1,0,H,1.61,3.97,6.51,1.61,4.0,8.2,1.54,3.74,6.35,85450000.0,15500000.0
Brazil,Serie A,2015,2015-07-12,20:00,Flamengo RJ,Corinthians,0,3,A,2.5,3.15,3.26,2.6,3.2,3.33,2.42,2.98,3.08,57100000.0,73700000.0
Brazil,Serie A,2015,2015-07-12,20:00,Joinville,Internacional,0,2,A,2.36,3.17,3.51,2.38,3.3,3.7,2.26,3.07,3.26,28550000.0,60650000.0
Brazil,Serie A,2015,2015-07-12,22:30,Avai,Chapecoense-SC,2,1,H,2.74,3.0,3.06,2.8,3.2,3.1,2.54,2.95,2.91,13650000.0,17900000.0
Brazil,Serie A,2015,2015-07-12,22:30,Sport Recife,Palmeiras,2,2,D,2.52,3.31,3.07,2.55,3.31,3.25,2.42,3.21,2.87,27800000.0,73100000.0
Brazil,Serie A,2015,2015-07-18,22:30,Flamengo RJ,Gremio,1,0,H,2.37,3.15,3.5,2.51,3.2,3.5,2.28,3.02,3.29,57100000.0,46100000.0
Brazil,Serie A,2015,2015-07-18,22:30,Internacional,Goias,2,1,H,2.02,3.34,4.33,2.02,3.46,4.9,1.92,3.25,4.07,60650000.0,15500000.0
Brazil,Serie A,2015,2015-07-19,01:00,Corinthians,Atletico-MG,1,0,H,2.46,3.38,3.11,2.6,3.38,3.2,2.38,3.15,2.97,73700000.0,60300000.0
Brazil,Serie A,2015,2015-07-19,15:00,Atletico-PR,Chapecoense-SC,1,0,H,2.13,3.23,4.05,2.18,3.3,4.15,2.01,3.18,3.82,38400000.0,17900000.0
Brazil,Serie A,2015,2015-07-19,20:00,Figueirense,Coritiba,0,0,D,2.23,3.28,3.67,2.23,3.52,4.25,2.07,3.15,3.62,26580000.0,22100000.0
Brazil,Serie A,2015,2015-07-19,20:00,Fluminense,Vasco,1,2,A,1.68,3.85,5.91,1.8,3.92,6.0,1.68,3.53,5.11,45050000.0,21900000.0
Brazil,Serie A,2015,2015-07-19,20:00,Palmeiras,Santos,1,0,H,1.76,3.82,5.14,1.85,3.82,5.5,1.72,3.54,4.77,73100000.0,44300000.0
Brazil,Serie A,2015,2015-07-19,20:00,Sport Recife,Sao Paulo,2,0,H,2.42,3.42,3.13,2.45,3.42,3.2,2.34,3.21,2.99,27800000.0,86850000.0
Brazil,Serie A,2015,2015-07-19,22:30,Cruzeiro,Avai,1,1,D,1.46,4.71,7.82,1.46,4.75,9.0,1.41,4.27,7.6,85450000.0,13650000.0
Brazil,Serie A,2015,2015-07-19,22:30,Joinville,Ponte Preta,1,1,D,2.95,3.14,2.69,2.95,3.25,2.9,2.7,3.04,2.66,28550000.0,9550000.0
Brazil,Serie A,2015,2015-07-25,22:30,Avai,Atletico-PR,1,2,A,2.32,3.38,3.34,2.37,3.38,3.42,2.26,3.19,3.14,20950000.0,35500000.0
Brazil,Serie A,2015,2015-07-25,23:30,Gremio,Sport Recife,1,1,D,1.6,4.05,6.59,1.62,4.1,6.75,1.56,3.82,6.07,48480000.0,32500000.0
Brazil,Serie A,2015,2015-07-26,01:00,Atletico-MG,Figueirense,1,0,H,1.3,5.81,12.33,1.31,5.81,13.02,1.27,5.21,10.87,52400000.0,26580000.0
Brazil,Serie A,2015,2015-07-26,15:00,Chapecoense-SC,Fluminense,2,1,H,2.23,3.25,3.73,2.27,3.3,3.73,2.15,3.15,3.43,25850000.0,58700000.0
Brazil,Serie A,2015,2015-07-26,15:00,Santos,Joinville,2,0,H,1.61,4.04,6.45,1.61,4.1,8.0,1.55,3.78,6.14,44650000.0,28550000.0
Brazil,Serie A,2015,2015-07-26,20:00,Coritiba,Corinthians,1,1,D,2.88,3.12,2.79,3.02,3.2,2.79,2.84,3.0,2.59,27450000.0,66400000.0
Brazil,Serie A,2015,2015-07-26,20:00,Goias,Flamengo RJ,0,1,A,2.61,3.11,3.11,2.65,3.2,3.18,2.53,3.04,2.88,20400000.0,57100000.0
Brazil,Serie A,2015,2015-07-26,20:00,Ponte Preta,Internacional,0,0,D,2.3,3.26,3.53,2.3,3.31,3.9,2.13,3.18,3.48,9550000.0,61480000.0
Brazil,Serie A,2015,2015-07-26,20:00,Sao Paulo,Cruzeiro,1,0,H,2.04,3.47,4.15,2.1,3.47,4.15,2.0,3.28,3.78,75100000.0,92100000.0
Brazil,Serie A,2015,2015-07-26,22:30,Vasco,Palmeiras,1,4,A,3.11,3.33,2.48,3.24,3.45,2.51,2.96,3.12,2.4,28900000.0,70900000.0
Brazil,Serie A,2015,2015-07-30,02:00,Atletico-MG,Sao Paulo,3,1,H,1.64,4.02,5.99,1.75,4.02,5.99,1.65,3.65,5.17,52400000.0,75100000.0
Brazil,Serie A,2015,2015-07-30,02:00,Corinthians,Vasco,3,0,H,1.39,4.69,10.46,1.45,4.9,11.0,1.38,4.32,8.67,66400000.0,28900000.0
Brazil,Serie A,2015,2015-08-01,22:30,Fluminense,Gremio,1,0,H,2.2,3.17,3.83,2.3,3.34,3.83,2.15,3.11,3.49,58700000.0,48480000.0
Brazil,Serie A,2015,2015-08-02,15:00,Coritiba,Goias,1,1,D,2.03,3.27,4.4,2.03,3.4,4.7,1.93,3.19,4.14,27450000.0,20400000.0
Brazil,Serie A,2015,2015-08-02,15:00,Palmeiras,Atletico-PR,0,1,A,1.52,4.3,7.51,1.55,4.46,8.2,1.49,3.99,6.73,70900000.0,35500000.0
Brazil,Serie A,2015,2015-08-02,20:00,Figueirense,Ponte Preta,3,1,H,2.29,3.28,3.52,2.29,3.3,3.7,2.19,3.13,3.37,26580000.0,9550000.0
Brazil,Serie A,2015,2015-08-02,20:00,Flamengo RJ,Santos,2,2,D,2.02,3.44,4.18,2.04,3.44,4.65,1.91,3.34,4.01,57100000.0,44650000.0
Brazil,Serie A,2015,2015-08-02,20:00,Internacional,Chapecoense-SC,0,0,D,1.67,3.67,6.5,1.7,3.71,6.5,1.64,3.49,5.65,61480000.0,25850000.0
Brazil,Serie A,2015,2015-08-02,20:00,Joinville,Avai,2,0,H,2.55,3.24,3.09,2.55,3.25,3.26,2.39,3.09,3.02,28550000.0,20950000.0
Brazil,Serie A,2015,2015-08-02,22:30,Sport Recife,Cruzeiro,0,0,D,2.23,3.37,3.58,2.3,3.37,3.82,2.18,3.2,3.3,32500000.0,92100000.0
Brazil,Serie A,2015,2015-08-08,22:30,Avai,Fluminense,1,0,H,2.43,3.36,3.17,2.65,3.36,3.17,2.44,3.16,2.87,20950000.0,58700000.0
Brazil,Serie A,2015,2015-08-09,01:00,Santos,Coritiba,3,0,H,1.54,4.3,6.92,1.57,4.32,8.0,1.51,3.93,6.35,44650000.0,27450000.0
Brazil,Serie A,2015,2015-08-09,15:00,Atletico-PR,Sport Recife,1,1,D,1.79,3.65,5.2,1.91,3.7,5.5,1.79,3.41,4.52,35500000.0,32500000.0
Brazil,Serie A,2015,2015-08-09,15:00,Vasco,Joinville,0,0,D,1.89,3.43,4.86,1.91,3.5,4.98,1.84,3.26,4.46,28900000.0,28550000.0
Brazil,Serie A,2015,2015-08-09,20:00,Cruzeiro,Palmeiras,2,1,H,2.09,3.33,4.06,2.2,3.5,4.15,2.04,3.19,3.7,92100000.0,70900000.0
Brazil,Serie A,2015,2015-08-09,20:00,Goias,Atletico-MG,0,0,D,3.12,3.27,2.51,3.18,3.35,2.51,2.95,3.15,2.39,20400000.0,52400000.0
Brazil,Serie A,2015,2015-08-09,20:00,Ponte Preta,Flamengo RJ,1,0,H,2.66,3.29,2.89,2.8,3.29,2.89,2.58,3.1,2.75,9550000.0,57100000.0
Brazil,Serie A,2015,2015-08-09,20:00,Sao Paulo,Corinthians,1,1,D,2.42,3.1,3.45,2.57,3.2,3.45,2.32,3.0,3.22,75100000.0,66400000.0
Brazil,Serie A,2015,2015-08-09,22:30,Chapecoense-SC,Figueirense,2,2,D,1.93,3.22,5.1,1.95,3.48,5.1,1.86,3.2,4.45,25850000.0,26580000.0
Brazil,Serie A,2015,2015-08-09,22:30,Gremio,Internacional,5,0,H,1.77,3.67,5.33,1.95,3.67,5.33,1.81,3.36,4.47,48480000.0,61480000.0
Brazil,Serie A,2015,2015-08-12,23:30,Coritiba,Palmeiras,2,1,H,3.12,3.21,2.54,3.15,3.3,2.58,2.91,3.11,2.45,27450000.0,70900000.0
Brazil,Serie A,2015,2015-08-12,23:30,Flamengo RJ,Atletico-PR,3,2,H,1.85,3.61,4.82,1.91,3.68,4.82,1.83,3.43,4.27,63200000.0,35500000.0
Brazil,Serie A,2015,2015-08-13,01:00,Goias,Chapecoense-SC,0,0,D,1.83,3.44,5.31,2.0,3.44,5.31,1.8,3.25,4.78,20400000.0,25850000.0
Brazil,Serie A,2015,2015-08-13,01:00,Santos,Vasco,1,0,H,1.41,4.92,8.85,1.45,4.95,8.9,1.39,4.44,7.78,44650000.0,28900000.0
Brazil,Serie A,2015,2015-08-13,02:00,Corinthians,Sport Recife,4,3,H,1.57,4.06,6.98,1.57,4.2,7.0,1.53,3.83,6.29,66400000.0,32500000.0
Brazil,Serie A,2015,2015-08-13,02:00,Figueirense,Sao Paulo,0,2,A,3.01,3.35,2.53,3.2,3.37,2.56,2.93,3.14,2.41,26580000.0,75100000.0
Brazil,Serie A,2015,2015-08-13,02:00,Internacional,Fluminense,1,0,H,2.12,3.35,3.94,2.15,3.47,4.15,2.02,3.24,3.67,61480000.0,58700000.0
Brazil,Serie A,2015,2015-08-13,23:30,Ponte Preta,Avai,2,0,H,1.63,3.97,6.24,1.75,3.98,6.27,1.63,3.62,5.43,9550000.0,20950000.0
Brazil,Serie A,2015,2015-08-14,01:00,Atletico-MG,Gremio,0,2,A,1.77,3.55,5.61,1.8,3.68,5.7,1.73,3.44,4.91,52400000.0,48480000.0
Brazil,Serie A,2015,2015-08-14,01:00,Joinville,Cruzeiro,3,0,H,3.48,3.15,2.38,3.8,3.3,2.4,3.32,3.02,2.26,28550000.0,92100000.0
Brazil,Serie A,2015,2015-08-15,22:30,Atletico-PR,Santos,0,0,D,2.45,3.32,3.16,2.53,3.33,3.18,2.35,3.18,2.99,35500000.0,44650000.0
Brazil,Serie A,2015,2015-08-15,22:30,Vasco,Coritiba,0,1,A,2.27,3.31,3.56,2.27,3.36,3.69,2.18,3.15,3.37,28900000.0,27450000.0
Brazil,Serie A,2015,2015-08-16,01:00,Sao Paulo,Goias,0,3,A,1.66,3.75,6.4,1.67,4.0,6.5,1.6,3.64,5.75,75100000.0,20400000.0
Brazil,Serie A,2015,2015-08-16,15:00,Palmeiras,Flamengo RJ,4,2,H,2.04,3.44,4.09,2.04,3.55,4.18,1.96,3.3,3.8,70900000.0,63200000.0
Brazil,Serie A,2015,2015-08-16,20:00,Avai,Corinthians,1,2,A,3.31,3.23,2.42,3.33,3.3,2.52,3.1,3.09,2.34,20950000.0,66400000.0
Brazil,Serie A,2015,2015-08-16,20:00,Cruzeiro,Internacional,0,0,D,1.69,3.72,6.11,1.82,3.72,6.11,1.73,3.42,4.96,92100000.0,61480000.0
Brazil,Serie A,2015,2015-08-16,20:00,Fluminense,Figueirense,2,1,H,1.7,3.77,5.81,1.76,3.8,7.0,1.66,3.53,5.36,58700000.0,26580000.0
Brazil,Serie A,2015,2015-08-16,20:00,Sport Recife,Ponte Preta,1,1,D,1.85,3.72,4.64,1.87,3.72,4.85,1.81,3.46,4.32,32500000.0,9550000.0
Brazil,Serie A,2015,2015-08-16,22:30,Chapecoense-SC,Atletico-MG,2,1,H,3.31,3.37,2.35,3.31,3.39,2.39,3.16,3.18,2.26,25850000.0,52400000.0
Brazil,Serie A,2015,2015-08-16,22:30,Gremio,Joinville,2,1,H,1.43,4.52,9.43,1.43,4.9,9.8,1.39,4.28,8.39,48480000.0,28550000.0
Brazil,Serie A,2015,2015-08-22,22:30,Goias,Vasco,3,0,H,1.65,3.78,6.43,1.75,3.78,6.43,1.66,3.56,5.28,20400000.0,28900000.0
Brazil,Serie A,2015,2015-08-22,22:30,Santos,Avai,5,2,H,1.42,4.77,8.92,1.44,4.8,9.0,1.4,4.38,7.95,44650000.0,20950000.0
Brazil,Serie A,2015,2015-08-23,01:00,Figueirense,Sport Recife,2,1,H,2.3,3.37,3.42,2.3,3.4,4.15,2.13,3.22,3.41,26580000.0,32500000.0
Brazil,Serie A,2015,2015-08-23,15:00,Coritiba,Chapecoense-SC,1,0,H,2.04,3.32,4.27,2.05,3.45,5.2,1.92,3.21,4.19,27450000.0,25850000.0
Brazil,Serie A,2015,2015-08-23,15:00,Ponte Preta,Gremio,0,0,D,2.7,3.23,2.9,2.7,3.25,3.04,2.52,3.09,2.84,9550000.0,48480000.0
Brazil,Serie A,2015,2015-08-23,20:00,Corinthians,Cruzeiro,3,0,H,2.08,3.3,4.14,2.11,3.4,4.5,1.98,3.22,3.91,66400000.0,92100000.0
Brazil,Serie A,2015,2015-08-23,20:00,Flamengo RJ,Sao Paulo,2,1,H,1.96,3.6,4.23,2.07,3.6,4.33,1.95,3.34,3.85,63200000.0,75100000.0
Brazil,Serie A,2015,2015-08-23,20:00,Internacional,Atletico-PR,2,0,H,1.94,3.44,4.45,1.97,3.65,4.85,1.88,3.3,4.22,61480000.0,35500000.0
Brazil,Serie A,2015,2015-08-23,20:00,Joinville,Fluminense,2,1,H,2.62,3.19,2.99,2.7,3.2,2.99,2.55,3.06,2.82,28550000.0,58700000.0
Brazil,Serie A,2015,2015-08-23,22:30,Atletico-MG,Palmeiras,2,1,H,1.6,4.11,6.33,1.8,4.12,6.36,1.61,3.78,5.39,52400000.0,70900000.0
Brazil,Serie A,2015,2015-08-29,22:30,Vasco,Figueirense,0,1,A,2.08,3.24,4.24,2.2,3.4,4.33,2.04,3.15,3.8,28900000.0,26580000.0
Brazil,Serie A,2015,2015-08-30,01:00,Sao Paulo,Ponte Preta,3,0,H,1.78,3.68,5.26,1.85,3.68,5.4,1.75,3.47,4.74,75100000.0,9550000.0
Brazil,Serie A,2015,2015-08-30,15:00,Avai,Internacional,3,0,H,3.07,3.19,2.59,3.07,3.32,2.7,2.84,3.13,2.49,20950000.0,61480000.0
Brazil,Serie A,2015,2015-08-30,15:00,Gremio,Coritiba,0,0,D,1.56,4.07,7.27,1.57,4.2,7.73,1.52,3.8,6.72,48480000.0,27450000.0
Brazil,Serie A,2015,2015-08-30,20:00,Chapecoense-SC,Corinthians,1,3,A,2.58,3.03,3.25,2.68,3.2,3.25,2.5,2.95,2.99,25850000.0,66400000.0
Brazil,Serie A,2015,2015-08-30,20:00,Fluminense,Atletico-MG,1,2,A,2.89,3.34,2.62,2.95,3.4,2.72,2.73,3.23,2.51,58700000.0,52400000.0
Brazil,Serie A,2015,2015-08-30,20:00,Palmeiras,Joinville,3,2,H,1.44,4.45,9.34,1.5,4.56,9.34,1.42,4.16,7.67,70900000.0,28550000.0
Brazil,Serie A,2015,2015-08-30,20:00,Sport Recife,Flamengo RJ,0,1,A,2.21,3.45,3.55,2.3,3.45,3.56,2.16,3.3,3.26,32500000.0,63200000.0
Brazil,Serie A,2015,2015-08-30,22:30,Atletico-PR,Goias,3,0,H,2.04,3.29,4.33,2.1,3.52,4.4,1.97,3.23,3.92,35500000.0,20400000.0
Brazil,Serie A,2015,2015-08-30,22:30,Cruzeiro,Santos,0,1,A,2.16,3.29,3.87,2.16,3.44,4.2,2.05,3.24,3.64,92100000.0,44650000.0
Brazil,Serie A,2015,2015-09-02,23:30,Internacional,Vasco,6,0,H,1.56,4.12,7.03,1.57,4.12,8.0,1.51,3.84,6.64,61480000.0,28900000.0
Brazil,Serie A,2015,2015-09-02,23:30,Joinville,Sao Paulo,0,0,D,3.05,3.25,2.57,3.05,3.54,2.6,2.85,3.18,2.44,28550000.0,75100000.0
Brazil,Serie A,2015,2015-09-02,23:30,Ponte Preta,Cruzeiro,1,2,A,2.4,3.28,3.3,2.4,3.28,3.45,2.3,3.11,3.13,9550000.0,92100000.0
Brazil,Serie A,2015,2015-09-03,01:00,Atletico-MG,Atletico-PR,0,1,A,1.39,5.02,9.53,1.5,5.06,9.57,1.4,4.41,7.72,52400000.0,35500000.0
Brazil,Serie A,2015,2015-09-03,01:00,Flamengo RJ,Avai,3,0,H,1.6,4.07,6.58,1.7,4.07,6.9,1.59,3.72,5.79,63200000.0,20950000.0
Brazil,Serie A,2015,2015-09-03,02:00,Corinthians,Fluminense,2,0,H,1.82,3.53,5.2,1.82,3.74,5.6,1.76,3.36,4.8,66400000.0,58700000.0
Brazil,Serie A,2015,2015-09-03,02:00,Coritiba,Sport Recife,0,0,D,1.96,3.49,4.36,2.05,3.49,4.36,1.96,3.28,3.85,27450000.0,32500000.0
Brazil,Serie A,2015,2015-09-03,02:00,Goias,Palmeiras,1,0,H,2.39,3.25,3.35,2.5,3.42,3.35,2.33,3.11,3.09,20400000.0,70900000.0
Brazil,Serie A,2015,2015-09-03,23:30,Santos,Chapecoense-SC,3,1,H,1.51,4.29,7.84,1.51,4.45,8.0,1.48,3.96,6.98,44650000.0,25850000.0
Brazil,Serie A,2015,2015-09-04,01:00,Figueirense,Gremio,0,2,A,2.58,3.16,3.11,2.78,3.2,3.11,2.54,2.99,2.91,26580000.0,48480000.0
Brazil,Serie A,2015,2015-09-05,23:30,Sao Paulo,Internacional,2,0,H,2.28,3.48,3.35,2.4,3.5,3.55,2.2,3.26,3.24,75100000.0,61480000.0
Brazil,Serie A,2015,2015-09-05,23:30,Vasco,Atletico-MG,1,2,A,5.17,3.95,1.73,5.32,3.96,1.75,4.76,3.65,1.7,28900000.0,52400000.0
Brazil,Serie A,2015,2015-09-06,01:00,Atletico-PR,Joinville,0,0,D,1.6,3.95,6.92,1.6,4.4,8.2,1.53,3.77,6.53,35500000.0,28550000.0
Brazil,Serie A,2015,2015-09-06,15:00,Chapecoense-SC,Ponte Preta,0,0,D,2.04,3.24,4.41,2.04,3.5,4.5,1.96,3.22,4.01,25850000.0,9550000.0
Brazil,Serie A,2015,2015-09-06,15:00,Cruzeiro,Figueirense,5,1,H,1.55,4.02,7.69,1.57,4.05,7.69,1.51,3.82,6.89,92100000.0,26580000.0
Brazil,Serie A,2015,2015-09-06,20:00,Avai,Coritiba,0,2,A,2.19,3.29,3.78,2.25,3.32,3.9,2.13,3.15,3.52,20950000.0,27450000.0
Brazil,Serie A,2015,2015-09-06,20:00,Fluminense,Flamengo RJ,1,3,A,3.59,3.3,2.25,3.6,3.4,2.44,3.27,3.15,2.22,58700000.0,63200000.0
Brazil,Serie A,2015,2015-09-06,20:00,Gremio,Goias,2,1,H,1.8,3.49,5.46,1.82,3.7,6.0,1.74,3.36,5.06,48480000.0,20400000.0
Brazil,Serie A,2015,2015-09-06,20:00,Palmeiras,Corinthians,3,3,D,2.24,3.33,3.59,2.25,3.36,3.7,2.16,3.2,3.36,70900000.0,66400000.0
Brazil,Serie A,2015,2015-09-06,22:30,Sport Recife,Santos,1,1,D,2.24,3.48,3.43,2.35,3.48,3.52,2.18,3.28,3.24,32500000.0,44650000.0
Brazil,Serie A,2015,2015-09-09,23:30,Atletico-MG,Avai,2,0,H,1.24,6.57,14.5,1.3,6.57,14.5,1.26,5.58,10.76,52400000.0,20950000.0
Brazil,Serie A,2015,2015-09-09,23:30,Internacional,Palmeiras,1,0,H,1.8,3.7,5.01,1.9,3.71,5.1,1.79,3.48,4.48,61480000.0,70900000.0
Brazil,Serie A,2015,2015-09-09,23:30,Ponte Preta,Vasco,0,1,A,1.69,3.69,6.15,1.87,3.75,6.15,1.71,3.48,5.02,9550000.0,28900000.0
Brazil,Serie A,2015,2015-09-10,01:00,Figueirense,Atletico-PR,1,1,D,2.61,3.24,3.0,2.7,3.26,3.03,2.51,3.06,2.89,26580000.0,35500000.0
Brazil,Serie A,2015,2015-09-10,02:00,Corinthians,Gremio,1,1,D,1.94,3.34,4.76,1.94,3.6,4.76,1.89,3.24,4.28,66400000.0,48480000.0
Brazil,Serie A,2015,2015-09-10,02:00,Coritiba,Fluminense,1,1,D,2.22,3.27,3.71,2.3,3.28,3.76,2.18,3.12,3.42,27450000.0,58700000.0
Brazil,Serie A,2015,2015-09-10,02:00,Santos,Sao Paulo,3,0,H,2.14,3.46,3.72,2.2,3.46,3.73,2.11,3.23,3.48,44650000.0,75100000.0
Brazil,Serie A,2015,2015-09-10,23:30,Goias,Sport Recife,1,0,H,1.91,3.42,4.79,2.0,3.48,4.83,1.89,3.25,4.23,20400000.0,32500000.0
Brazil,Serie A,2015,2015-09-11,01:00,Flamengo RJ,Cruzeiro,2,0,H,2.04,3.34,4.25,2.05,3.45,4.25,2.0,3.21,3.84,63200000.0,92100000.0
Brazil,Serie A,2015,2015-09-11,01:00,Joinville,Chapecoense-SC,0,0,D,2.43,3.11,3.45,2.45,3.2,3.45,2.35,3.0,3.19,28550000.0,25850000.0
Brazil,Serie A,2015,2015-09-12,22:30,Coritiba,Internacional,0,1,A,2.48,3.25,3.18,2.48,3.31,3.4,2.35,3.08,3.11,27450000.0,61480000.0
Brazil,Serie A,2015,2015-09-13,01:00,Palmeiras,Figueirense,2,0,H,1.48,4.52,7.85,1.5,4.65,8.0,1.45,4.23,6.96,70900000.0,26580000.0
Brazil,Serie A,2015,2015-09-13,15:00,Corinthians,Joinville,3,0,H,1.38,4.65,11.5,1.45,5.0,12.5,1.36,4.37,9.66,66400000.0,28550000.0
Brazil,Serie A,2015,2015-09-13,15:00,Ponte Preta,Santos,3,1,H,3.05,3.29,2.54,3.35,3.33,2.54,2.98,3.16,2.38,9550000.0,44650000.0
Brazil,Serie A,2015,2015-09-13,20:00,Chapecoense-SC,Flamengo RJ,1,3,A,2.64,3.04,3.16,2.84,3.15,3.16,2.66,2.93,2.83,25850000.0,63200000.0
Brazil,Serie A,2015,2015-09-13,20:00,Cruzeiro,Atletico-MG,1,1,D,2.68,3.27,2.89,2.72,3.28,2.92,2.59,3.12,2.73,92100000.0,52400000.0
Brazil,Serie A,2015,2015-09-13,20:00,Gremio,Sao Paulo,1,2,A,1.97,3.51,4.28,2.01,3.62,4.7,1.88,3.37,4.1,48480000.0,75100000.0
Brazil,Serie A,2015,2015-09-13,20:00,Vasco,Atletico-PR,2,0,H,2.33,3.25,3.47,2.51,3.31,3.47,2.3,3.11,3.16,28900000.0,35500000.0
Brazil,Serie A,2015,2015-09-13,22:30,Avai,Goias,2,1,H,2.2,3.23,3.84,2.3,3.28,3.85,2.16,3.09,3.5,20950000.0,20400000.0
Brazil,Serie A,2015,2015-09-13,22:30,Sport Recife,Fluminense,1,0,H,2.12,3.39,3.88,2.2,3.46,3.88,2.08,3.3,3.46,32500000.0,58700000.0
Brazil,Serie A,2015,2015-09-16,23:30,Fluminense,Palmeiras,1,4,A,2.34,3.35,3.34,2.37,3.38,3.6,2.26,3.18,3.16,58700000.0,70900000.0
Brazil,Serie A,2015,2015-09-16,23:30,Goias,Ponte Preta,1,2,A,1.86,3.6,4.73,1.9,3.72,5.2,1.8,3.44,4.46,20400000.0,9550000.0
Brazil,Serie A,2015,2015-09-16,23:30,Joinville,Sport Recife,1,1,D,2.79,3.11,2.92,2.79,3.24,3.01,2.59,3.01,2.81,28550000.0,32500000.0
Brazil,Serie A,2015,2015-09-17,01:00,Atletico-PR,Gremio,1,2,A,2.8,3.22,2.8,2.8,3.25,2.88,2.61,3.08,2.73,35500000.0,48480000.0
Brazil,Serie A,2015,2015-09-17,01:00,Figueirense,Avai,0,1,A,2.18,3.26,3.84,2.2,3.3,3.92,2.12,3.13,3.55,26580000.0,20950000.0
Brazil,Serie A,2015,2015-09-17,02:00,Cruzeiro,Vasco,2,2,D,1.41,4.77,9.34,1.45,4.78,9.9,1.39,4.39,8.12,92100000.0,28900000.0
Brazil,Serie A,2015,2015-09-17,02:00,Internacional,Corinthians,2,1,H,2.4,3.23,3.33,2.43,3.3,3.56,2.29,3.08,3.2,61480000.0,66400000.0
Brazil,Serie A,2015,2015-09-17,02:00,Santos,Atletico-MG,4,0,H,2.14,3.6,3.56,2.25,3.63,3.58,2.13,3.39,3.25,44650000.0,52400000.0
Brazil,Serie A,2015,2015-09-17,23:30,Sao Paulo,Chapecoense-SC,0,0,D,1.48,4.39,8.28,1.53,4.4,9.2,1.45,4.05,7.53,75100000.0,25850000.0
Brazil,Serie A,2015,2015-09-18,01:00,Flamengo RJ,Coritiba,0,2,A,1.63,3.82,6.6,1.64,3.95,7.4,1.56,3.69,6.09,63200000.0,27450000.0
Brazil,Serie A,2015,2015-09-19,22:30,Internacional,Figueirense,1,1,D,1.79,3.6,5.28,1.85,4.0,7.5,1.67,3.51,5.38,61480000.0,26580000.0
Brazil,Serie A,2015,2015-09-19,22:30,Palmeiras,Gremio,3,2,H,1.96,3.53,4.31,2.05,3.53,4.33,1.94,3.31,3.93,70900000.0,48480000.0
Brazil,Serie A,2015,2015-09-20,01:00,Ponte Preta,Fluminense,3,1,H,2.54,3.31,3.04,2.65,3.32,3.1,2.43,3.13,2.91,9550000.0,58700000.0
Brazil,Serie A,2015,2015-09-20,15:00,Corinthians,Santos,2,0,H,2.25,3.31,3.59,2.25,3.39,3.75,2.16,3.23,3.32,66400000.0,44650000.0
Brazil,Serie A,2015,2015-09-20,15:00,Goias,Joinville,3,0,H,1.64,3.84,6.49,1.65,3.94,7.0,1.58,3.66,6.01,20400000.0,28550000.0
Brazil,Serie A,2015,2015-09-20,20:00,Atletico-MG,Flamengo RJ,4,1,H,1.73,3.97,5.15,1.76,3.97,5.3,1.7,3.63,4.72,52400000.0,63200000.0
Brazil,Serie A,2015,2015-09-20,20:00,Avai,Sao Paulo,2,1,H,2.57,3.25,3.06,2.7,3.3,3.08,2.52,3.13,2.8,20950000.0,75100000.0
Brazil,Serie A,2015,2015-09-20,20:00,Vasco,Sport Recife,2,1,H,2.17,3.39,3.72,2.3,3.39,3.77,2.12,3.2,3.44,28900000.0,32500000.0
Brazil,Serie A,2015,2015-09-20,22:30,Chapecoense-SC,Cruzeiro,0,2,A,2.86,3.07,2.87,2.86,3.22,3.1,2.65,2.95,2.8,25850000.0,92100000.0
Brazil,Serie A,2015,2015-09-20,22:30,Coritiba,Atletico-PR,2,0,H,2.77,3.12,2.92,2.77,3.2,3.04,2.6,2.98,2.82,27450000.0,35500000.0
Brazil,Serie A,2015,2015-09-26,22:30,Fluminense,Goias,2,0,H,1.92,3.49,4.62,2.0,3.58,4.62,1.87,3.34,4.17,58700000.0,20400000.0
Brazil,Serie A,2015,2015-09-27,01:00,Gremio,Avai,3,1,H,1.49,4.24,8.38,1.55,4.45,9.0,1.47,3.99,7.19,48480000.0,20950000.0
Brazil,Serie A,2015,2015-09-27,15:00,Atletico-PR,Ponte Preta,1,2,A,1.93,3.48,4.57,2.15,3.5,4.58,1.91,3.31,4.06,35500000.0,9550000.0
Brazil,Serie A,2015,2015-09-27,15:00,Santos,Internacional,3,1,H,1.75,3.67,5.5,1.83,3.75,5.51,1.72,3.51,4.83,44650000.0,61480000.0
Brazil,Serie A,2015,2015-09-27,20:00,Figueirense,Corinthians,1,3,A,3.34,3.24,2.4,3.36,3.4,2.4,3.12,3.13,2.31,26580000.0,66400000.0
Brazil,Serie A,2015,2015-09-27,20:00,Flamengo RJ,Vasco,1,2,A,1.79,3.74,5.01,1.82,3.8,5.75,1.73,3.51,4.84,63200000.0,28900000.0
Brazil,Serie A,2015,2015-09-27,20:00,Joinville,Atletico-MG,2,2,D,4.95,3.69,1.81,4.95,3.72,2.0,4.38,3.47,1.8,28550000.0,52400000.0
Brazil,Serie A,2015,2015-09-27,20:00,Sao Paulo,Palmeiras,1,1,D,2.12,3.6,3.64,2.38,3.6,3.7,2.13,3.31,3.32,75100000.0,70900000.0
Brazil,Serie A,2015,2015-09-27,22:30,Cruzeiro,Coritiba,2,0,H,1.5,4.31,8.06,1.5,4.34,9.1,1.46,3.99,7.47,92100000.0,27450000.0
Brazil,Serie A,2015,2015-09-27,22:30,Sport Recife,Chapecoense-SC,3,0,H,1.83,3.47,5.27,1.85,3.5,5.4,1.8,3.31,4.68,32500000.0,25850000.0
Brazil,Serie A,2015,2015-10-03,22:30,Coritiba,Atletico-MG,0,3,A,3.19,3.41,2.39,3.21,3.49,2.39,3.06,3.27,2.26,27450000.0,52400000.0
Brazil,Serie A,2015,2015-10-03,22:30,Internacional,Sport Recife,2,1,H,1.73,3.88,5.3,1.75,3.88,5.75,1.68,3.6,5.0,61480000.0,32500000.0
Brazil,Serie A,2015,2015-10-04,01:00,Sao Paulo,Atletico-PR,1,0,H,1.8,3.62,5.14,1.84,3.68,5.5,1.75,3.46,4.73,75100000.0,35500000.0
Brazil,Serie A,2015,2015-10-04,15:00,Avai,Vasco,1,1,D,1.96,3.41,4.5,2.15,3.41,4.5,2.02,3.25,3.71,20950000.0,28900000.0
Brazil,Serie A,2015,2015-10-04,15:00,Flamengo RJ,Joinville,2,0,H,1.43,4.63,9.03,1.44,4.63,9.5,1.4,4.28,8.09,63200000.0,28550000.0
Brazil,Serie A,2015,2015-10-04,20:00,Cruzeiro,Gremio,0,0,D,2.19,3.29,3.78,2.19,3.44,4.05,2.06,3.19,3.67,92100000.0,48480000.0
Brazil,Serie A,2015,2015-10-04,20:00,Goias,Figueirense,2,3,A,1.62,3.78,7.03,1.73,3.82,7.03,1.63,3.53,5.7,20400000.0,26580000.0
Brazil,Serie A,2015,2015-10-04,20:00,Ponte Preta,Corinthians,2,2,D,3.39,3.18,2.41,3.39,3.25,2.5,3.06,3.11,2.35,9550000.0,66400000.0
Brazil,Serie A,2015,2015-10-04,20:00,Santos,Fluminense,3,1,H,1.53,4.23,7.47,1.6,4.31,7.7,1.51,3.92,6.42,44650000.0,58700000.0
Brazil,Serie A,2015,2015-10-04,22:30,Chapecoense-SC,Palmeiras,5,1,H,2.84,3.15,2.82,2.92,3.22,2.82,2.73,3.04,2.64,25850000.0,70900000.0
Brazil,Serie A,2015,2015-10-14,23:30,Atletico-MG,Internacional,2,1,H,1.46,4.87,7.47,1.51,5.0,7.9,1.46,4.29,6.61,52400000.0,61480000.0
Brazil,Serie A,2015,2015-10-14,23:30,Sport Recife,Avai,3,0,H,1.81,3.67,4.99,1.84,3.8,5.6,1.77,3.49,4.56,32500000.0,20950000.0
Brazil,Serie A,2015,2015-10-15,01:00,Figueirense,Flamengo RJ,3,0,H,3.04,3.32,2.52,3.18,3.32,2.63,2.93,3.13,2.44,26580000.0,63200000.0
Brazil,Serie A,2015,2015-10-15,01:00,Joinville,Coritiba,3,1,H,2.69,3.09,3.04,2.71,3.2,3.04,2.55,3.01,2.87,28550000.0,27450000.0
Brazil,Serie A,2015,2015-10-15,01:00,Palmeiras,Ponte Preta,0,1,A,1.61,4.22,6.02,1.62,4.35,6.6,1.58,3.93,5.51,70900000.0,9550000.0
Brazil,Serie A,2015,2015-10-15,02:00,Atletico-PR,Cruzeiro,2,2,D,2.37,3.3,3.34,2.4,3.3,3.35,2.31,3.12,3.14,35500000.0,92100000.0
Brazil,Serie A,2015,2015-10-15,02:00,Fluminense,Sao Paulo,2,0,H,2.42,3.36,3.18,2.45,3.42,3.3,2.33,3.2,3.02,58700000.0,75100000.0
Brazil,Serie A,2015,2015-10-15,23:30,Corinthians,Goias,3,0,H,1.68,3.79,6.0,1.71,4.4,8.8,1.59,3.7,5.87,66400000.0,20400000.0
Brazil,Serie A,2015,2015-10-15,23:30,Vasco,Chapecoense-SC,1,1,D,2.22,3.29,3.69,2.24,3.42,4.25,2.12,3.16,3.52,28900000.0,25850000.0
Brazil,Serie A,2015,2015-10-16,01:00,Gremio,Santos,1,0,H,2.02,3.54,4.03,2.05,3.54,4.45,1.99,3.31,3.74,48480000.0,44650000.0
Brazil,Serie A,2015,2015-10-17,22:30,Avai,Palmeiras,1,3,A,2.63,3.35,2.88,2.68,3.4,2.88,2.54,3.15,2.76,20950000.0,70900000.0
Brazil,Serie A,2015,2015-10-18,01:00,Joinville,Figueirense,1,0,H,2.44,3.24,3.27,2.55,3.25,3.27,2.36,3.09,3.08,28550000.0,26580000.0
Brazil,Serie A,2015,2015-10-18,14:00,Cruzeiro,Fluminense,2,0,H,1.71,3.65,5.95,1.8,3.73,5.95,1.71,3.49,4.97,92100000.0,58700000.0
Brazil,Serie A,2015,2015-10-18,14:00,Ponte Preta,Coritiba,3,0,H,1.86,3.53,4.88,1.86,3.72,5.7,1.77,3.39,4.72,9550000.0,27450000.0
Brazil,Serie A,2015,2015-10-18,19:00,Atletico-PR,Corinthians,1,4,A,3.04,3.29,2.55,3.09,3.37,2.6,2.88,3.13,2.46,35500000.0,66400000.0
Brazil,Serie A,2015,2015-10-18,19:00,Flamengo RJ,Internacional,0,1,A,1.9,3.56,4.6,1.9,3.61,5.2,1.79,3.46,4.43,63200000.0,61480000.0
Brazil,Serie A,2015,2015-10-18,19:00,Sao Paulo,Vasco,2,2,D,1.51,4.29,7.81,1.57,4.29,7.81,1.49,3.97,6.8,75100000.0,28900000.0
Brazil,Serie A,2015,2015-10-18,20:00,Gremio,Chapecoense-SC,2,3,A,1.54,4.15,7.49,1.55,4.35,7.7,1.5,3.89,6.84,48480000.0,25850000.0
Brazil,Serie A,2015,2015-10-18,20:00,Santos,Goias,3,1,H,1.56,4.15,6.95,1.57,4.4,7.9,1.5,3.93,6.7,44650000.0,20400000.0
Brazil,Serie A,2015,2015-10-18,21:30,Sport Recife,Atletico-MG,4,1,H,3.22,3.48,2.34,3.22,3.49,2.44,3.0,3.28,2.3,32500000.0,52400000.0
Brazil,Serie A,2015,2015-10-24,20:00,Fluminense,Atletico-PR,0,1,A,2.02,3.38,4.26,2.03,3.44,4.6,1.95,3.28,3.94,58700000.0,35500000.0
Brazil,Serie A,2015,2015-10-24,21:30,Figueirense,Santos,0,0,D,2.81,3.37,2.69,3.14,3.37,2.69,2.76,3.19,2.51,26580000.0,44650000.0
Brazil,Serie A,2015,2015-10-24,21:30,Internacional,Joinville,1,0,H,1.48,4.56,7.75,1.48,4.65,8.5,1.44,4.15,7.42,61480000.0,28550000.0
Brazil,Serie A,2015,2015-10-25,00:00,Palmeiras,Sport Recife,0,2,A,1.74,3.88,5.24,1.84,3.88,5.24,1.74,3.6,4.56,70900000.0,32500000.0
Brazil,Serie A,2015,2015-10-25,19:00,Chapecoense-SC,Avai,0,0,D,2.0,3.31,4.45,2.0,3.5,4.6,1.88,3.3,4.21,25850000.0,20950000.0
Brazil,Serie A,2015,2015-10-25,19:00,Corinthians,Flamengo RJ,1,0,H,1.69,3.91,5.6,1.74,3.91,6.3,1.68,3.6,5.12,66400000.0,63200000.0
Brazil,Serie A,2015,2015-10-25,19:00,Coritiba,Sao Paulo,1,2,A,2.62,3.32,2.93,2.75,3.32,3.0,2.52,3.14,2.79,27450000.0,75100000.0
Brazil,Serie A,2015,2015-10-25,19:00,Vasco,Gremio,0,0,D,2.54,3.3,3.04,2.8,3.4,3.1,2.47,3.14,2.88,28900000.0,48480000.0
Brazil,Serie A,2015,2015-10-25,20:00,Goias,Cruzeiro,0,1,A,2.47,3.21,3.24,2.7,3.25,3.3,2.4,3.07,3.03,20400000.0,92100000.0
Brazil,Serie A,2015,2015-10-25,21:30,Atletico-MG,Ponte Preta,2,1,H,1.4,5.2,8.59,1.5,5.3,9.7,1.37,4.67,7.92,52400000.0,9550000.0
Brazil,Serie A,2015,2015-10-31,19:00,Sao Paulo,Sport Recife,3,0,H,1.48,4.44,8.01,1.6,4.65,8.5,1.46,4.12,7.15,75100000.0,32500000.0
Brazil,Serie A,2015,2015-10-31,21:30,Avai,Cruzeiro,1,1,D,2.88,3.1,2.81,3.04,3.2,2.81,2.76,3.06,2.61,20950000.0,92100000.0
Brazil,Serie A,2015,2015-10-31,21:30,Ponte Preta,Joinville,1,0,H,1.56,3.98,7.47,1.65,3.98,7.6,1.57,3.68,6.2,9550000.0,28550000.0
Brazil,Serie A,2015,2015-10-31,23:00,Coritiba,Figueirense,1,1,D,2.13,3.21,4.09,2.15,3.32,4.1,2.07,3.12,3.73,27450000.0,26580000.0
Brazil,Serie A,2015,2015-11-01,19:00,Atletico-MG,Corinthians,0,3,A,1.85,3.77,4.52,1.9,3.84,4.6,1.82,3.54,4.18,52400000.0,66400000.0
Brazil,Serie A,2015,2015-11-01,19:00,Chapecoense-SC,Atletico-PR,0,0,D,1.96,3.3,4.7,1.99,3.37,4.7,1.92,3.2,4.18,25850000.0,35500000.0
Brazil,Serie A,2015,2015-11-01,19:00,Gremio,Flamengo RJ,2,0,H,1.72,3.72,5.65,1.73,3.8,6.1,1.68,3.52,5.24,48480000.0,63200000.0
Brazil,Serie A,2015,2015-11-01,19:00,Santos,Palmeiras,2,1,H,1.79,4.0,4.59,1.9,4.03,4.9,1.76,3.63,4.34,44650000.0,70900000.0
Brazil,Serie A,2015,2015-11-01,20:00,Vasco,Fluminense,0,1,A,2.34,3.37,3.33,2.45,3.37,3.55,2.28,3.12,3.18,28900000.0,58700000.0
Brazil,Serie A,2015,2015-11-01,21:30,Goias,Internacional,2,1,H,2.2,3.4,3.63,2.4,3.46,3.63,2.21,3.18,3.29,20400000.0,61480000.0
Brazil,Serie A,2015,2015-11-07,19:00,Internacional,Ponte Preta,1,0,H,1.57,4.03,7.07,1.6,4.1,7.07,1.55,3.79,6.11,61480000.0,9550000.0
Brazil,Serie A,2015,2015-11-07,21:30,Atletico-PR,Avai,2,1,H,1.93,3.52,4.49,1.95,3.58,5.0,1.84,3.38,4.29,35500000.0,20950000.0
Brazil,Serie A,2015,2015-11-07,21:30,Corinthians,Coritiba,2,1,H,1.34,5.24,11.38,1.38,5.4,12.5,1.33,4.66,9.63,66400000.0,27450000.0
Brazil,Serie A,2015,2015-11-07,23:00,Fluminense,Chapecoense-SC,2,3,A,2.06,3.34,4.17,2.07,3.4,4.55,1.98,3.17,3.96,58700000.0,25850000.0
Brazil,Serie A,2015,2015-11-08,19:00,Cruzeiro,Sao Paulo,2,1,H,2.0,3.45,4.26,2.15,3.5,4.26,2.02,3.25,3.72,92100000.0,75100000.0
Brazil,Serie A,2015,2015-11-08,19:00,Figueirense,Atletico-MG,0,1,A,3.01,3.36,2.5,3.15,3.41,2.5,2.93,3.22,2.38,26580000.0,52400000.0
Brazil,Serie A,2015,2015-11-08,19:00,Flamengo RJ,Goias,4,1,H,1.59,4.02,6.79,1.65,4.02,7.9,1.57,3.77,5.97,63200000.0,20400000.0
Brazil,Serie A,2015,2015-11-08,19:00,Palmeiras,Vasco,0,2,A,1.57,4.35,6.27,1.6,4.35,6.5,1.54,3.98,5.84,70900000.0,28900000.0
Brazil,Serie A,2015,2015-11-08,20:00,Joinville,Santos,0,0,D,4.38,3.61,1.93,4.45,3.65,1.95,4.01,3.42,1.89,28550000.0,44650000.0
Brazil,Serie A,2015,2015-11-08,21:30,Sport Recife,Gremio,1,0,H,2.49,3.26,3.16,2.49,3.31,3.21,2.35,3.16,3.04,32500000.0,48480000.0
Brazil,Serie A,2015,2015-11-15,19:00,Cruzeiro,Sport Recife,3,0,H,1.5,4.53,7.28,1.53,4.53,7.6,1.48,4.08,6.73,92100000.0,32500000.0
Brazil,Serie A,2015,2015-11-18,21:30,Goias,Coritiba,1,3,A,2.0,3.45,4.27,2.03,3.45,4.35,1.96,3.28,3.91,20400000.0,27450000.0
Brazil,Serie A,2015,2015-11-18,23:00,Atletico-PR,Palmeiras,3,3,D,2.38,3.47,3.16,2.41,3.47,3.28,2.29,3.26,3.06,35500000.0,70900000.0
Brazil,Serie A,2015,2015-11-18,23:00,Avai,Joinville,2,1,H,1.98,3.47,4.32,2.1,3.5,4.37,1.95,3.27,3.98,20950000.0,28550000.0
Brazil,Serie A,2015,2015-11-18,23:00,Ponte Preta,Figueirense,0,1,A,2.04,3.42,4.14,2.05,3.58,4.4,1.95,3.31,3.91,9550000.0,26580000.0
Brazil,Serie A,2015,2015-11-19,21:30,Chapecoense-SC,Internacional,1,0,H,2.59,3.14,3.12,2.59,3.2,3.3,2.43,3.03,3.03,25850000.0,61480000.0
Brazil,Serie A,2015,2015-11-19,21:30,Gremio,Fluminense,1,0,H,1.53,4.08,8.0,1.6,4.2,8.0,1.51,3.86,6.76,48480000.0,58700000.0
Brazil,Serie A,2015,2015-11-20,00:00,Santos,Flamengo RJ,0,0,D,1.7,3.93,5.49,1.72,4.0,5.75,1.65,3.73,5.11,44650000.0,63200000.0
Brazil,Serie A,2015,2015-11-20,00:00,Sao Paulo,Atletico-MG,4,2,H,2.08,3.79,3.57,2.08,3.79,3.9,2.01,3.48,3.51,75100000.0,52400000.0
Brazil,Serie A,2015,2015-11-20,00:00,Vasco,Corinthians,1,1,D,2.89,3.21,2.72,2.92,3.4,2.75,2.76,3.1,2.59,28900000.0,66400000.0
Brazil,Serie A,2015,2015-11-21,21:30,Palmeiras,Cruzeiro,1,1,D,3.3,3.6,2.25,3.4,3.6,2.4,3.15,3.3,2.22,70900000.0,92100000.0
Brazil,Serie A,2015,2015-11-22,19:00,Atletico-MG,Goias,2,2,D,1.5,4.79,6.75,1.57,5.0,7.16,1.48,4.33,6.23,52400000.0,20400000.0
Brazil,Serie A,2015,2015-11-22,19:00,Corinthians,Sao Paulo,6,1,H,2.6,3.32,2.95,2.62,3.36,3.05,2.46,3.2,2.82,66400000.0,75100000.0
Brazil,Serie A,2015,2015-11-22,19:00,Figueirense,Chapecoense-SC,0,0,D,1.85,3.54,4.96,1.9,3.7,4.96,1.81,3.39,4.48,26580000.0,25850000.0
Brazil,Serie A,2015,2015-11-22,19:00,Internacional,Gremio,1,0,H,2.63,3.25,2.97,2.81,3.25,2.97,2.6,3.08,2.74,61480000.0,48480000.0
Brazil,Serie A,2015,2015-11-22,19:00,Joinville,Vasco,1,2,A,2.77,3.47,2.66,2.79,3.55,2.7,2.67,3.26,2.56,28550000.0,28900000.0
Brazil,Serie A,2015,2015-11-22,20:00,Flamengo RJ,Ponte Preta,1,1,D,1.74,3.84,5.29,1.86,3.84,5.29,1.74,3.54,4.67,63200000.0,9550000.0
Brazil,Serie A,2015,2015-11-22,21:30,Coritiba,Santos,1,0,H,2.74,3.34,2.78,2.9,3.5,2.78,2.65,3.22,2.6,27450000.0,44650000.0
Brazil,Serie A,2015,2015-11-22,21:30,Fluminense,Avai,3,1,H,2.14,3.24,4.02,2.14,3.4,4.35,2.07,3.18,3.65,58700000.0,20950000.0
Brazil,Serie A,2015,2015-11-22,21:30,Sport Recife,Atletico-PR,0,0,D,1.79,3.71,5.11,1.79,3.84,5.5,1.72,3.58,4.75,32500000.0,35500000.0
Brazil,Serie A,2015,2015-11-28,19:00,Sao Paulo,Figueirense,3,2,H,1.56,4.2,6.93,1.56,4.45,8.44,1.49,4.01,6.63,75100000.0,26580000.0
Brazil,Serie A,2015,2015-11-28,21:30,Fluminense,Internacional,1,1,D,3.46,3.5,2.22,3.62,3.5,2.26,3.27,3.26,2.18,58700000.0,61480000.0
Brazil,Serie A,2015,2015-11-28,23:00,Avai,Ponte Preta,1,0,H,1.72,3.78,5.56,1.91,3.86,5.7,1.72,3.57,4.82,20950000.0,9550000.0
Brazil,Serie A,2015,2015-11-29,19:00,Cruzeiro,Joinville,3,0,H,1.31,5.76,11.16,1.34,5.76,13.02,1.28,5.15,10.35,92100000.0,28550000.0
Brazil,Serie A,2015,2015-11-29,19:00,Gremio,Atletico-MG,2,1,H,2.19,3.48,3.55,2.19,3.51,3.75,2.09,3.33,3.39,48480000.0,52400000.0
Brazil,Serie A,2015,2015-11-29,19:00,Sport Recife,Corinthians,2,0,H,2.37,3.5,3.15,2.47,3.5,3.4,2.29,3.29,3.03,32500000.0,66400000.0
Brazil,Serie A,2015,2015-11-29,20:00,Chapecoense-SC,Goias,1,3,A,2.09,3.4,3.95,2.15,3.55,4.15,2.01,3.31,3.67,25850000.0,20400000.0
Brazil,Serie A,2015,2015-11-29,20:00,Palmeiras,Coritiba,0,2,A,2.9,3.31,2.61,2.96,3.4,2.79,2.75,3.2,2.54,70900000.0,27450000.0
Brazil,Serie A,2015,2015-11-29,20:00,Vasco,Santos,1,0,H,1.69,3.75,5.98,1.7,4.09,6.25,1.63,3.66,5.44,28900000.0,44650000.0
Brazil,Serie A,2015,2015-11-29,21:30,Atletico-PR,Flamengo RJ,3,0,H,2.54,3.48,2.91,2.54,3.52,3.15,2.38,3.26,2.91,35500000.0,63200000.0
Brazil,Serie A,2015,2015-12-06,19:00,Atletico-MG,Chapecoense-SC,3,0,H,1.31,5.67,12.06,1.35,5.89,12.06,1.29,5.18,9.93,52400000.0,25850000.0
Brazil,Serie A,2015,2015-12-06,19:00,Corinthians,Avai,1,1,D,1.65,4.4,5.17,1.73,4.61,6.0,1.62,3.94,4.99,66400000.0,20950000.0
Brazil,Serie A,2015,2015-12-06,19:00,Coritiba,Vasco,0,0,D,2.39,3.37,3.23,2.6,3.38,3.25,2.39,3.18,2.95,27450000.0,28900000.0
Brazil,Serie A,2015,2015-12-06,19:00,Figueirense,Fluminense,1,0,H,1.35,5.01,11.67,1.37,5.2,11.67,1.33,4.74,9.18,26580000.0,58700000.0
Brazil,Serie A,2015,2015-12-06,19:00,Flamengo RJ,Palmeiras,1,2,A,1.56,4.31,6.6,1.65,4.45,6.6,1.54,4.02,5.8,63200000.0,70900000.0
Brazil,Serie A,2015,2015-12-06,19:00,Goias,Sao Paulo,0,1,A,2.73,3.37,2.76,2.92,3.7,2.76,2.62,3.36,2.57,20400000.0,75100000.0
Brazil,Serie A,2015,2015-12-06,19:00,Internacional,Cruzeiro,2,0,H,1.85,3.63,4.68,1.86,3.8,5.0,1.77,3.56,4.42,61480000.0,92100000.0
Brazil,Serie A,2015,2015-12-06,19:00,Joinville,Gremio,0,2,A,4.76,3.73,1.83,4.76,3.73,1.89,4.36,3.48,1.81,28550000.0,48480000.0
Brazil,Serie A,2015,2015-12-06,19:00,Ponte Preta,Sport Recife,0,1,A,2.57,3.49,2.87,2.65,3.52,2.92,2.47,3.28,2.75,9550000.0,32500000.0
Brazil,Serie A,2015,2015-12-06,19:00,Santos,Atletico-PR,5,1,H,1.7,4.09,5.2,1.71,4.11,5.5,1.66,3.72,4.97,44650000.0,35500000.0
